subsample	bootstrap	mrca	same_city	different_city
subsample_0001	1	[0,2]	113	25
subsample_0001	1	(2,6]	76	254
subsample_0001	1	(6,40]	47	278
subsample_0002	1	[0,2]	72	16
subsample_0002	1	(2,6]	63	128
subsample_0002	1	(6,40]	51	307
subsample_0003	1	[0,2]	84	9
subsample_0003	1	(2,6]	103	119
subsample_0003	1	(6,40]	49	472
subsample_0004	1	[0,2]	135	12
subsample_0004	1	(2,6]	90	185
subsample_0004	1	(6,40]	37	365
subsample_0005	1	[0,2]	91	23
subsample_0005	1	(2,6]	52	132
subsample_0005	1	(6,40]	50	227
subsample_0006	1	[0,2]	132	17
subsample_0006	1	(2,6]	98	138
subsample_0006	1	(6,40]	32	328
subsample_0007	1	[0,2]	93	30
subsample_0007	1	(2,6]	56	178
subsample_0007	1	(6,40]	36	234
subsample_0008	1	[0,2]	79	14
subsample_0008	1	(2,6]	98	150
subsample_0008	1	(6,40]	66	360
subsample_0009	1	[0,2]	127	16
subsample_0009	1	(2,6]	76	136
subsample_0009	1	(6,40]	64	368
subsample_0010	1	[0,2]	49	17
subsample_0010	1	(2,6]	27	82
subsample_0010	1	(6,40]	61	354
subsample_0011	1	[0,2]	94	22
subsample_0011	1	(2,6]	49	170
subsample_0011	1	(6,40]	31	393
subsample_0012	1	[0,2]	92	28
subsample_0012	1	(2,6]	27	87
subsample_0012	1	(6,40]	72	212
subsample_0013	1	[0,2]	99	16
subsample_0013	1	(2,6]	46	198
subsample_0013	1	(6,40]	66	281
subsample_0014	1	[0,2]	123	24
subsample_0014	1	(2,6]	95	152
subsample_0014	1	(6,40]	38	368
subsample_0015	1	[0,2]	81	23
subsample_0015	1	(2,6]	50	168
subsample_0015	1	(6,40]	39	234
subsample_0016	1	[0,2]	147	17
subsample_0016	1	(2,6]	101	173
subsample_0016	1	(6,40]	35	263
subsample_0017	1	[0,2]	104	28
subsample_0017	1	(2,6]	49	164
subsample_0017	1	(6,40]	33	431
subsample_0018	1	[0,2]	90	32
subsample_0018	1	(2,6]	63	147
subsample_0018	1	(6,40]	38	310
subsample_0019	1	[0,2]	138	4
subsample_0019	1	(2,6]	47	150
subsample_0019	1	(6,40]	44	307
subsample_0020	1	[0,2]	85	31
subsample_0020	1	(2,6]	84	145
subsample_0020	1	(6,40]	56	279
subsample_0021	1	[0,2]	78	5
subsample_0021	1	(2,6]	23	147
subsample_0021	1	(6,40]	57	376
subsample_0022	1	[0,2]	120	11
subsample_0022	1	(2,6]	66	187
subsample_0022	1	(6,40]	50	277
subsample_0023	1	[0,2]	92	16
subsample_0023	1	(2,6]	83	179
subsample_0023	1	(6,40]	63	236
subsample_0024	1	[0,2]	112	12
subsample_0024	1	(2,6]	85	172
subsample_0024	1	(6,40]	46	288
subsample_0025	1	[0,2]	117	12
subsample_0025	1	(2,6]	53	262
subsample_0025	1	(6,40]	40	277
subsample_0026	1	[0,2]	138	8
subsample_0026	1	(2,6]	52	186
subsample_0026	1	(6,40]	54	215
subsample_0027	1	[0,2]	83	12
subsample_0027	1	(2,6]	46	149
subsample_0027	1	(6,40]	50	263
subsample_0028	1	[0,2]	72	8
subsample_0028	1	(2,6]	68	137
subsample_0028	1	(6,40]	40	319
subsample_0029	1	[0,2]	97	13
subsample_0029	1	(2,6]	24	25
subsample_0029	1	(6,40]	90	305
subsample_0030	1	[0,2]	114	37
subsample_0030	1	(2,6]	74	151
subsample_0030	1	(6,40]	34	293
subsample_0031	1	[0,2]	82	15
subsample_0031	1	(2,6]	24	132
subsample_0031	1	(6,40]	43	313
subsample_0032	1	[0,2]	131	7
subsample_0032	1	(2,6]	54	273
subsample_0032	1	(6,40]	48	231
subsample_0033	1	[0,2]	69	25
subsample_0033	1	(2,6]	56	117
subsample_0033	1	(6,40]	53	415
subsample_0034	1	[0,2]	84	2
subsample_0034	1	(2,6]	64	79
subsample_0034	1	(6,40]	40	308
subsample_0035	1	[0,2]	83	2
subsample_0035	1	(2,6]	40	28
subsample_0035	1	(6,40]	60	417
subsample_0036	1	[0,2]	103	17
subsample_0036	1	(2,6]	61	142
subsample_0036	1	(6,40]	57	288
subsample_0037	1	[0,2]	103	15
subsample_0037	1	(2,6]	20	22
subsample_0037	1	(6,40]	90	360
subsample_0038	1	[0,2]	99	23
subsample_0038	1	(2,6]	84	274
subsample_0038	1	(6,40]	62	338
subsample_0039	1	[0,2]	120	19
subsample_0039	1	(2,6]	57	199
subsample_0039	1	(6,40]	48	315
subsample_0040	1	[0,2]	127	20
subsample_0040	1	(2,6]	87	143
subsample_0040	1	(6,40]	49	379
subsample_0041	1	[0,2]	133	3
subsample_0041	1	(2,6]	41	171
subsample_0041	1	(6,40]	56	404
subsample_0042	1	[0,2]	91	11
subsample_0042	1	(2,6]	57	121
subsample_0042	1	(6,40]	60	352
subsample_0043	1	[0,2]	68	22
subsample_0043	1	(2,6]	59	111
subsample_0043	1	(6,40]	80	419
subsample_0044	1	[0,2]	137	12
subsample_0044	1	(2,6]	68	187
subsample_0044	1	(6,40]	27	437
subsample_0045	1	[0,2]	104	14
subsample_0045	1	(2,6]	26	21
subsample_0045	1	(6,40]	88	366
subsample_0046	1	[0,2]	80	1
subsample_0046	1	(2,6]	47	47
subsample_0046	1	(6,40]	88	261
subsample_0047	1	[0,2]	108	19
subsample_0047	1	(2,6]	140	170
subsample_0047	1	(6,40]	54	333
subsample_0048	1	[0,2]	141	17
subsample_0048	1	(2,6]	71	154
subsample_0048	1	(6,40]	53	216
subsample_0049	1	[0,2]	105	24
subsample_0049	1	(2,6]	72	210
subsample_0049	1	(6,40]	58	246
subsample_0050	1	[0,2]	103	8
subsample_0050	1	(2,6]	77	106
subsample_0050	1	(6,40]	26	252
subsample_0051	1	[0,2]	101	14
subsample_0051	1	(2,6]	64	67
subsample_0051	1	(6,40]	62	346
subsample_0052	1	[0,2]	103	13
subsample_0052	1	(2,6]	46	150
subsample_0052	1	(6,40]	54	267
subsample_0053	1	[0,2]	143	34
subsample_0053	1	(2,6]	54	192
subsample_0053	1	(6,40]	60	267
subsample_0054	1	[0,2]	82	2
subsample_0054	1	(2,6]	17	8
subsample_0054	1	(6,40]	49	356
subsample_0055	1	[0,2]	117	10
subsample_0055	1	(2,6]	45	190
subsample_0055	1	(6,40]	55	338
subsample_0056	1	[0,2]	104	27
subsample_0056	1	(2,6]	60	132
subsample_0056	1	(6,40]	46	475
subsample_0057	1	[0,2]	96	29
subsample_0057	1	(2,6]	57	197
subsample_0057	1	(6,40]	60	359
subsample_0058	1	[0,2]	101	24
subsample_0058	1	(2,6]	11	15
subsample_0058	1	(6,40]	99	373
subsample_0059	1	[0,2]	96	22
subsample_0059	1	(2,6]	45	177
subsample_0059	1	(6,40]	60	231
subsample_0060	1	[0,2]	76	20
subsample_0060	1	(2,6]	48	161
subsample_0060	1	(6,40]	66	273
subsample_0061	1	[0,2]	90	6
subsample_0061	1	(2,6]	41	148
subsample_0061	1	(6,40]	51	346
subsample_0062	1	[0,2]	79	22
subsample_0062	1	(2,6]	60	132
subsample_0062	1	(6,40]	51	395
subsample_0063	1	[0,2]	75	18
subsample_0063	1	(2,6]	85	139
subsample_0063	1	(6,40]	48	371
subsample_0064	1	[0,2]	77	24
subsample_0064	1	(2,6]	44	131
subsample_0064	1	(6,40]	68	355
subsample_0065	1	[0,2]	58	18
subsample_0065	1	(2,6]	66	125
subsample_0065	1	(6,40]	69	271
subsample_0066	1	[0,2]	117	8
subsample_0066	1	(2,6]	78	111
subsample_0066	1	(6,40]	41	248
subsample_0067	1	[0,2]	165	23
subsample_0067	1	(2,6]	96	131
subsample_0067	1	(6,40]	31	323
subsample_0068	1	[0,2]	102	21
subsample_0068	1	(2,6]	94	226
subsample_0068	1	(6,40]	32	175
subsample_0069	1	[0,2]	128	9
subsample_0069	1	(2,6]	63	130
subsample_0069	1	(6,40]	51	206
subsample_0070	1	[0,2]	117	38
subsample_0070	1	(2,6]	64	192
subsample_0070	1	(6,40]	18	183
subsample_0071	1	[0,2]	126	5
subsample_0071	1	(2,6]	66	62
subsample_0071	1	(6,40]	67	391
subsample_0072	1	[0,2]	123	14
subsample_0072	1	(2,6]	68	106
subsample_0072	1	(6,40]	54	280
subsample_0073	1	[0,2]	134	23
subsample_0073	1	(2,6]	63	178
subsample_0073	1	(6,40]	38	397
subsample_0074	1	[0,2]	76	12
subsample_0074	1	(2,6]	63	108
subsample_0074	1	(6,40]	31	243
subsample_0075	1	[0,2]	88	16
subsample_0075	1	(2,6]	82	181
subsample_0075	1	(6,40]	56	375
subsample_0076	1	[0,2]	117	23
subsample_0076	1	(2,6]	83	258
subsample_0076	1	(6,40]	45	245
subsample_0077	1	[0,2]	102	12
subsample_0077	1	(2,6]	73	133
subsample_0077	1	(6,40]	49	308
subsample_0078	1	[0,2]	83	18
subsample_0078	1	(2,6]	45	11
subsample_0078	1	(6,40]	114	491
subsample_0079	1	[0,2]	116	19
subsample_0079	1	(2,6]	75	151
subsample_0079	1	(6,40]	47	482
subsample_0080	1	[0,2]	99	12
subsample_0080	1	(2,6]	55	157
subsample_0080	1	(6,40]	54	271
subsample_0081	1	[0,2]	154	7
subsample_0081	1	(2,6]	59	213
subsample_0081	1	(6,40]	62	268
subsample_0082	1	[0,2]	124	18
subsample_0082	1	(2,6]	90	202
subsample_0082	1	(6,40]	33	390
subsample_0083	1	[0,2]	85	14
subsample_0083	1	(2,6]	49	119
subsample_0083	1	(6,40]	58	266
subsample_0084	1	[0,2]	138	2
subsample_0084	1	(2,6]	24	31
subsample_0084	1	(6,40]	58	460
subsample_0085	1	[0,2]	102	10
subsample_0085	1	(2,6]	50	120
subsample_0085	1	(6,40]	39	420
subsample_0086	1	[0,2]	88	27
subsample_0086	1	(2,6]	81	192
subsample_0086	1	(6,40]	26	354
subsample_0087	1	[0,2]	111	23
subsample_0087	1	(2,6]	108	145
subsample_0087	1	(6,40]	62	355
subsample_0088	1	[0,2]	114	24
subsample_0088	1	(2,6]	68	217
subsample_0088	1	(6,40]	43	278
subsample_0089	1	[0,2]	144	19
subsample_0089	1	(2,6]	89	169
subsample_0089	1	(6,40]	42	383
subsample_0090	1	[0,2]	95	5
subsample_0090	1	(2,6]	65	99
subsample_0090	1	(6,40]	47	237
subsample_0091	1	[0,2]	94	29
subsample_0091	1	(2,6]	65	164
subsample_0091	1	(6,40]	40	242
subsample_0092	1	[0,2]	135	16
subsample_0092	1	(2,6]	67	165
subsample_0092	1	(6,40]	35	268
subsample_0093	1	[0,2]	95	30
subsample_0093	1	(2,6]	89	165
subsample_0093	1	(6,40]	46	299
subsample_0094	1	[0,2]	106	14
subsample_0094	1	(2,6]	85	148
subsample_0094	1	(6,40]	44	446
subsample_0095	1	[0,2]	130	11
subsample_0095	1	(2,6]	75	107
subsample_0095	1	(6,40]	60	248
subsample_0096	1	[0,2]	127	32
subsample_0096	1	(2,6]	72	151
subsample_0096	1	(6,40]	53	335
subsample_0097	1	[0,2]	120	17
subsample_0097	1	(2,6]	55	159
subsample_0097	1	(6,40]	40	295
subsample_0098	1	[0,2]	124	3
subsample_0098	1	(2,6]	50	143
subsample_0098	1	(6,40]	44	242
subsample_0099	1	[0,2]	97	9
subsample_0099	1	(2,6]	21	48
subsample_0099	1	(6,40]	83	282
subsample_0100	1	[0,2]	146	11
subsample_0100	1	(2,6]	59	150
subsample_0100	1	(6,40]	43	231
subsample_0101	1	[0,2]	144	21
subsample_0101	1	(2,6]	103	221
subsample_0101	1	(6,40]	43	409
subsample_0102	1	[0,2]	105	21
subsample_0102	1	(2,6]	79	132
subsample_0102	1	(6,40]	59	295
subsample_0103	1	[0,2]	70	14
subsample_0103	1	(2,6]	57	168
subsample_0103	1	(6,40]	48	340
subsample_0104	1	[0,2]	89	3
subsample_0104	1	(2,6]	54	190
subsample_0104	1	(6,40]	68	276
subsample_0105	1	[0,2]	102	11
subsample_0105	1	(2,6]	76	150
subsample_0105	1	(6,40]	32	240
subsample_0106	1	[0,2]	185	24
subsample_0106	1	(2,6]	78	251
subsample_0106	1	(6,40]	31	337
subsample_0107	1	[0,2]	88	7
subsample_0107	1	(2,6]	58	59
subsample_0107	1	(6,40]	23	360
subsample_0108	1	[0,2]	118	14
subsample_0108	1	(2,6]	56	84
subsample_0108	1	(6,40]	54	367
subsample_0109	1	[0,2]	98	21
subsample_0109	1	(2,6]	99	120
subsample_0109	1	(6,40]	54	382
subsample_0110	1	[0,2]	76	14
subsample_0110	1	(2,6]	57	111
subsample_0110	1	(6,40]	49	259
subsample_0111	1	[0,2]	107	25
subsample_0111	1	(2,6]	35	81
subsample_0111	1	(6,40]	65	276
subsample_0112	1	[0,2]	97	18
subsample_0112	1	(2,6]	43	169
subsample_0112	1	(6,40]	65	405
subsample_0113	1	[0,2]	110	26
subsample_0113	1	(2,6]	72	232
subsample_0113	1	(6,40]	27	261
subsample_0114	1	[0,2]	117	18
subsample_0114	1	(2,6]	77	137
subsample_0114	1	(6,40]	45	213
subsample_0115	1	[0,2]	112	26
subsample_0115	1	(2,6]	62	206
subsample_0115	1	(6,40]	35	402
subsample_0116	1	[0,2]	181	7
subsample_0116	1	(2,6]	81	193
subsample_0116	1	(6,40]	45	415
subsample_0117	1	[0,2]	137	38
subsample_0117	1	(2,6]	61	174
subsample_0117	1	(6,40]	38	350
subsample_0118	1	[0,2]	105	15
subsample_0118	1	(2,6]	52	98
subsample_0118	1	(6,40]	50	283
subsample_0119	1	[0,2]	59	11
subsample_0119	1	(2,6]	38	40
subsample_0119	1	(6,40]	80	384
subsample_0120	1	[0,2]	156	21
subsample_0120	1	(2,6]	84	232
subsample_0120	1	(6,40]	13	232
subsample_0121	1	[0,2]	117	3
subsample_0121	1	(2,6]	55	95
subsample_0121	1	(6,40]	42	256
subsample_0122	1	[0,2]	127	21
subsample_0122	1	(2,6]	36	144
subsample_0122	1	(6,40]	47	345
subsample_0123	1	[0,2]	121	13
subsample_0123	1	(2,6]	39	115
subsample_0123	1	(6,40]	58	289
subsample_0124	1	[0,2]	98	7
subsample_0124	1	(2,6]	43	117
subsample_0124	1	(6,40]	62	273
subsample_0125	1	[0,2]	155	30
subsample_0125	1	(2,6]	111	383
subsample_0125	1	(6,40]	51	277
subsample_0126	1	[0,2]	98	25
subsample_0126	1	(2,6]	79	203
subsample_0126	1	(6,40]	68	387
subsample_0127	1	[0,2]	88	7
subsample_0127	1	(2,6]	52	144
subsample_0127	1	(6,40]	62	227
subsample_0128	1	[0,2]	132	22
subsample_0128	1	(2,6]	70	228
subsample_0128	1	(6,40]	48	288
subsample_0129	1	[0,2]	138	10
subsample_0129	1	(2,6]	66	130
subsample_0129	1	(6,40]	51	223
subsample_0130	1	[0,2]	110	9
subsample_0130	1	(2,6]	23	38
subsample_0130	1	(6,40]	102	527
subsample_0131	1	[0,2]	109	11
subsample_0131	1	(2,6]	64	162
subsample_0131	1	(6,40]	56	236
subsample_0132	1	[0,2]	127	6
subsample_0132	1	(2,6]	68	200
subsample_0132	1	(6,40]	75	224
subsample_0133	1	[0,2]	79	18
subsample_0133	1	(2,6]	24	27
subsample_0133	1	(6,40]	52	363
subsample_0134	1	[0,2]	94	16
subsample_0134	1	(2,6]	44	120
subsample_0134	1	(6,40]	50	368
subsample_0135	1	[0,2]	72	7
subsample_0135	1	(2,6]	21	21
subsample_0135	1	(6,40]	89	338
subsample_0136	1	[0,2]	145	24
subsample_0136	1	(2,6]	100	216
subsample_0136	1	(6,40]	61	306
subsample_0137	1	[0,2]	105	14
subsample_0137	1	(2,6]	76	121
subsample_0137	1	(6,40]	67	313
subsample_0138	1	[0,2]	61	11
subsample_0138	1	(2,6]	49	101
subsample_0138	1	(6,40]	55	240
subsample_0139	1	[0,2]	81	18
subsample_0139	1	(2,6]	58	129
subsample_0139	1	(6,40]	42	261
subsample_0140	1	[0,2]	160	23
subsample_0140	1	(2,6]	64	213
subsample_0140	1	(6,40]	42	258
subsample_0141	1	[0,2]	125	14
subsample_0141	1	(2,6]	54	132
subsample_0141	1	(6,40]	30	230
subsample_0142	1	[0,2]	114	31
subsample_0142	1	(2,6]	76	178
subsample_0142	1	(6,40]	55	354
subsample_0143	1	[0,2]	85	9
subsample_0143	1	(2,6]	37	120
subsample_0143	1	(6,40]	46	322
subsample_0144	1	[0,2]	113	22
subsample_0144	1	(2,6]	60	96
subsample_0144	1	(6,40]	37	206
subsample_0145	1	[0,2]	88	19
subsample_0145	1	(2,6]	38	127
subsample_0145	1	(6,40]	40	302
subsample_0146	1	[0,2]	106	14
subsample_0146	1	(2,6]	58	164
subsample_0146	1	(6,40]	63	300
subsample_0147	1	[0,2]	83	14
subsample_0147	1	(2,6]	31	116
subsample_0147	1	(6,40]	63	346
subsample_0148	1	[0,2]	95	38
subsample_0148	1	(2,6]	50	155
subsample_0148	1	(6,40]	56	376
subsample_0149	1	[0,2]	98	3
subsample_0149	1	(2,6]	21	23
subsample_0149	1	(6,40]	56	350
subsample_0150	1	[0,2]	141	22
subsample_0150	1	(2,6]	73	60
subsample_0150	1	(6,40]	46	315
subsample_0151	1	[0,2]	111	12
subsample_0151	1	(2,6]	61	49
subsample_0151	1	(6,40]	56	268
subsample_0152	1	[0,2]	65	10
subsample_0152	1	(2,6]	42	37
subsample_0152	1	(6,40]	60	333
subsample_0153	1	[0,2]	94	24
subsample_0153	1	(2,6]	57	154
subsample_0153	1	(6,40]	31	258
subsample_0154	1	[0,2]	86	14
subsample_0154	1	(2,6]	51	151
subsample_0154	1	(6,40]	51	288
subsample_0155	1	[0,2]	153	19
subsample_0155	1	(2,6]	82	198
subsample_0155	1	(6,40]	26	243
subsample_0156	1	[0,2]	138	15
subsample_0156	1	(2,6]	63	224
subsample_0156	1	(6,40]	41	332
subsample_0157	1	[0,2]	125	43
subsample_0157	1	(2,6]	64	171
subsample_0157	1	(6,40]	49	294
subsample_0158	1	[0,2]	111	10
subsample_0158	1	(2,6]	68	181
subsample_0158	1	(6,40]	38	295
subsample_0159	1	[0,2]	118	15
subsample_0159	1	(2,6]	65	141
subsample_0159	1	(6,40]	61	484
subsample_0160	1	[0,2]	125	10
subsample_0160	1	(2,6]	80	199
subsample_0160	1	(6,40]	43	337
subsample_0161	1	[0,2]	113	1
subsample_0161	1	(2,6]	58	122
subsample_0161	1	(6,40]	48	287
subsample_0162	1	[0,2]	115	19
subsample_0162	1	(2,6]	75	137
subsample_0162	1	(6,40]	55	341
subsample_0163	1	[0,2]	122	18
subsample_0163	1	(2,6]	77	212
subsample_0163	1	(6,40]	46	284
subsample_0164	1	[0,2]	115	15
subsample_0164	1	(2,6]	45	161
subsample_0164	1	(6,40]	55	293
subsample_0165	1	[0,2]	162	13
subsample_0165	1	(2,6]	94	160
subsample_0165	1	(6,40]	34	357
subsample_0166	1	[0,2]	96	6
subsample_0166	1	(2,6]	51	130
subsample_0166	1	(6,40]	44	317
subsample_0167	1	[0,2]	112	10
subsample_0167	1	(2,6]	69	168
subsample_0167	1	(6,40]	35	299
subsample_0168	1	[0,2]	90	18
subsample_0168	1	(2,6]	54	119
subsample_0168	1	(6,40]	57	353
subsample_0169	1	[0,2]	88	10
subsample_0169	1	(2,6]	73	156
subsample_0169	1	(6,40]	44	256
subsample_0170	1	[0,2]	152	16
subsample_0170	1	(2,6]	73	173
subsample_0170	1	(6,40]	56	290
subsample_0171	1	[0,2]	93	10
subsample_0171	1	(2,6]	30	92
subsample_0171	1	(6,40]	45	354
subsample_0172	1	[0,2]	113	13
subsample_0172	1	(2,6]	86	174
subsample_0172	1	(6,40]	60	342
subsample_0173	1	[0,2]	119	11
subsample_0173	1	(2,6]	81	150
subsample_0173	1	(6,40]	45	186
subsample_0174	1	[0,2]	100	10
subsample_0174	1	(2,6]	61	137
subsample_0174	1	(6,40]	37	435
subsample_0175	1	[0,2]	106	15
subsample_0175	1	(2,6]	67	186
subsample_0175	1	(6,40]	60	529
subsample_0176	1	[0,2]	76	23
subsample_0176	1	(2,6]	75	165
subsample_0176	1	(6,40]	77	376
subsample_0177	1	[0,2]	89	13
subsample_0177	1	(2,6]	23	91
subsample_0177	1	(6,40]	52	354
subsample_0178	1	[0,2]	93	5
subsample_0178	1	(2,6]	22	28
subsample_0178	1	(6,40]	74	404
subsample_0179	1	[0,2]	105	8
subsample_0179	1	(2,6]	70	149
subsample_0179	1	(6,40]	33	295
subsample_0180	1	[0,2]	132	24
subsample_0180	1	(2,6]	67	359
subsample_0180	1	(6,40]	42	233
subsample_0181	1	[0,2]	82	20
subsample_0181	1	(2,6]	64	129
subsample_0181	1	(6,40]	30	221
subsample_0182	1	[0,2]	78	30
subsample_0182	1	(2,6]	102	155
subsample_0182	1	(6,40]	48	407
subsample_0183	1	[0,2]	121	30
subsample_0183	1	(2,6]	79	276
subsample_0183	1	(6,40]	27	269
subsample_0184	1	[0,2]	92	12
subsample_0184	1	(2,6]	84	147
subsample_0184	1	(6,40]	47	262
subsample_0185	1	[0,2]	117	15
subsample_0185	1	(2,6]	59	146
subsample_0185	1	(6,40]	66	352
subsample_0186	1	[0,2]	136	14
subsample_0186	1	(2,6]	81	181
subsample_0186	1	(6,40]	56	270
subsample_0187	1	[0,2]	52	18
subsample_0187	1	(2,6]	34	37
subsample_0187	1	(6,40]	101	354
subsample_0188	1	[0,2]	115	21
subsample_0188	1	(2,6]	100	174
subsample_0188	1	(6,40]	56	401
subsample_0189	1	[0,2]	97	18
subsample_0189	1	(2,6]	81	195
subsample_0189	1	(6,40]	45	295
subsample_0190	1	[0,2]	93	11
subsample_0190	1	(2,6]	54	175
subsample_0190	1	(6,40]	57	246
subsample_0191	1	[0,2]	94	25
subsample_0191	1	(2,6]	40	68
subsample_0191	1	(6,40]	68	377
subsample_0192	1	[0,2]	119	8
subsample_0192	1	(2,6]	75	173
subsample_0192	1	(6,40]	45	299
subsample_0193	1	[0,2]	67	8
subsample_0193	1	(2,6]	61	120
subsample_0193	1	(6,40]	56	272
subsample_0194	1	[0,2]	74	35
subsample_0194	1	(2,6]	69	171
subsample_0194	1	(6,40]	49	386
subsample_0195	1	[0,2]	109	9
subsample_0195	1	(2,6]	31	154
subsample_0195	1	(6,40]	59	267
subsample_0196	1	[0,2]	83	14
subsample_0196	1	(2,6]	58	164
subsample_0196	1	(6,40]	57	354
subsample_0197	1	[0,2]	152	25
subsample_0197	1	(2,6]	74	64
subsample_0197	1	(6,40]	72	519
subsample_0198	1	[0,2]	115	29
subsample_0198	1	(2,6]	60	302
subsample_0198	1	(6,40]	48	275
subsample_0199	1	[0,2]	134	22
subsample_0199	1	(2,6]	15	19
subsample_0199	1	(6,40]	93	377
subsample_0200	1	[0,2]	102	31
subsample_0200	1	(2,6]	72	139
subsample_0200	1	(6,40]	36	220
subsample_0201	1	[0,2]	102	13
subsample_0201	1	(2,6]	42	186
subsample_0201	1	(6,40]	58	360
subsample_0202	1	[0,2]	69	17
subsample_0202	1	(2,6]	48	120
subsample_0202	1	(6,40]	61	378
subsample_0203	1	[0,2]	117	17
subsample_0203	1	(2,6]	81	161
subsample_0203	1	(6,40]	44	463
subsample_0204	1	[0,2]	79	13
subsample_0204	1	(2,6]	11	29
subsample_0204	1	(6,40]	89	408
subsample_0205	1	[0,2]	98	16
subsample_0205	1	(2,6]	58	143
subsample_0205	1	(6,40]	42	219
subsample_0206	1	[0,2]	144	34
subsample_0206	1	(2,6]	115	190
subsample_0206	1	(6,40]	28	184
subsample_0207	1	[0,2]	84	26
subsample_0207	1	(2,6]	49	146
subsample_0207	1	(6,40]	59	375
subsample_0208	1	[0,2]	117	12
subsample_0208	1	(2,6]	25	36
subsample_0208	1	(6,40]	136	398
subsample_0209	1	[0,2]	131	7
subsample_0209	1	(2,6]	77	232
subsample_0209	1	(6,40]	46	366
subsample_0210	1	[0,2]	113	26
subsample_0210	1	(2,6]	67	185
subsample_0210	1	(6,40]	48	280
subsample_0211	1	[0,2]	66	13
subsample_0211	1	(2,6]	25	9
subsample_0211	1	(6,40]	79	381
subsample_0212	1	[0,2]	116	5
subsample_0212	1	(2,6]	68	121
subsample_0212	1	(6,40]	35	362
subsample_0213	1	[0,2]	146	1
subsample_0213	1	(2,6]	74	115
subsample_0213	1	(6,40]	44	308
subsample_0214	1	[0,2]	91	15
subsample_0214	1	(2,6]	41	199
subsample_0214	1	(6,40]	53	280
subsample_0215	1	[0,2]	73	9
subsample_0215	1	(2,6]	49	104
subsample_0215	1	(6,40]	36	308
subsample_0216	1	[0,2]	114	11
subsample_0216	1	(2,6]	55	169
subsample_0216	1	(6,40]	41	318
subsample_0217	1	[0,2]	133	12
subsample_0217	1	(2,6]	75	264
subsample_0217	1	(6,40]	29	267
subsample_0218	1	[0,2]	60	15
subsample_0218	1	(2,6]	69	133
subsample_0218	1	(6,40]	62	412
subsample_0219	1	[0,2]	70	6
subsample_0219	1	(2,6]	41	104
subsample_0219	1	(6,40]	32	240
subsample_0220	1	[0,2]	114	32
subsample_0220	1	(2,6]	62	206
subsample_0220	1	(6,40]	40	308
subsample_0221	1	[0,2]	113	13
subsample_0221	1	(2,6]	76	171
subsample_0221	1	(6,40]	47	278
subsample_0222	1	[0,2]	136	49
subsample_0222	1	(2,6]	73	270
subsample_0222	1	(6,40]	25	252
subsample_0223	1	[0,2]	122	12
subsample_0223	1	(2,6]	82	178
subsample_0223	1	(6,40]	33	196
subsample_0224	1	[0,2]	105	18
subsample_0224	1	(2,6]	77	117
subsample_0224	1	(6,40]	62	309
subsample_0225	1	[0,2]	127	11
subsample_0225	1	(2,6]	34	210
subsample_0225	1	(6,40]	51	400
subsample_0226	1	[0,2]	52	11
subsample_0226	1	(2,6]	43	117
subsample_0226	1	(6,40]	74	245
subsample_0227	1	[0,2]	62	13
subsample_0227	1	(2,6]	58	122
subsample_0227	1	(6,40]	67	237
subsample_0228	1	[0,2]	85	3
subsample_0228	1	(2,6]	51	166
subsample_0228	1	(6,40]	79	238
subsample_0229	1	[0,2]	131	15
subsample_0229	1	(2,6]	62	135
subsample_0229	1	(6,40]	49	316
subsample_0230	1	[0,2]	90	24
subsample_0230	1	(2,6]	65	150
subsample_0230	1	(6,40]	66	234
subsample_0231	1	[0,2]	121	8
subsample_0231	1	(2,6]	30	42
subsample_0231	1	(6,40]	60	348
subsample_0232	1	[0,2]	99	26
subsample_0232	1	(2,6]	62	120
subsample_0232	1	(6,40]	59	384
subsample_0233	1	[0,2]	112	13
subsample_0233	1	(2,6]	84	180
subsample_0233	1	(6,40]	35	434
subsample_0234	1	[0,2]	85	21
subsample_0234	1	(2,6]	54	169
subsample_0234	1	(6,40]	48	192
subsample_0235	1	[0,2]	90	8
subsample_0235	1	(2,6]	63	136
subsample_0235	1	(6,40]	35	269
subsample_0236	1	[0,2]	88	29
subsample_0236	1	(2,6]	26	20
subsample_0236	1	(6,40]	85	368
subsample_0237	1	[0,2]	79	19
subsample_0237	1	(2,6]	41	144
subsample_0237	1	(6,40]	45	373
subsample_0238	1	[0,2]	136	13
subsample_0238	1	(2,6]	33	26
subsample_0238	1	(6,40]	119	361
subsample_0239	1	[0,2]	84	25
subsample_0239	1	(2,6]	34	30
subsample_0239	1	(6,40]	101	355
subsample_0240	1	[0,2]	94	19
subsample_0240	1	(2,6]	22	28
subsample_0240	1	(6,40]	92	327
subsample_0241	1	[0,2]	76	5
subsample_0241	1	(2,6]	54	90
subsample_0241	1	(6,40]	67	293
subsample_0242	1	[0,2]	73	13
subsample_0242	1	(2,6]	19	19
subsample_0242	1	(6,40]	57	386
subsample_0243	1	[0,2]	154	17
subsample_0243	1	(2,6]	71	226
subsample_0243	1	(6,40]	50	402
subsample_0244	1	[0,2]	165	17
subsample_0244	1	(2,6]	63	259
subsample_0244	1	(6,40]	50	494
subsample_0245	1	[0,2]	119	17
subsample_0245	1	(2,6]	74	195
subsample_0245	1	(6,40]	46	380
subsample_0246	1	[0,2]	109	18
subsample_0246	1	(2,6]	53	246
subsample_0246	1	(6,40]	35	346
subsample_0247	1	[0,2]	94	15
subsample_0247	1	(2,6]	62	164
subsample_0247	1	(6,40]	54	241
subsample_0248	1	[0,2]	97	10
subsample_0248	1	(2,6]	79	102
subsample_0248	1	(6,40]	83	254
subsample_0249	1	[0,2]	141	9
subsample_0249	1	(2,6]	72	181
subsample_0249	1	(6,40]	54	323
subsample_0250	1	[0,2]	90	32
subsample_0250	1	(2,6]	7	20
subsample_0250	1	(6,40]	107	345
subsample_0251	1	[0,2]	94	24
subsample_0251	1	(2,6]	16	24
subsample_0251	1	(6,40]	110	377
subsample_0252	1	[0,2]	180	7
subsample_0252	1	(2,6]	65	178
subsample_0252	1	(6,40]	35	262
subsample_0253	1	[0,2]	123	9
subsample_0253	1	(2,6]	71	126
subsample_0253	1	(6,40]	57	361
subsample_0254	1	[0,2]	125	27
subsample_0254	1	(2,6]	88	120
subsample_0254	1	(6,40]	32	250
subsample_0255	1	[0,2]	68	25
subsample_0255	1	(2,6]	45	158
subsample_0255	1	(6,40]	36	363
subsample_0256	1	[0,2]	85	2
subsample_0256	1	(2,6]	10	20
subsample_0256	1	(6,40]	77	293
subsample_0257	1	[0,2]	125	23
subsample_0257	1	(2,6]	102	143
subsample_0257	1	(6,40]	55	359
subsample_0258	1	[0,2]	123	7
subsample_0258	1	(2,6]	37	187
subsample_0258	1	(6,40]	48	359
subsample_0259	1	[0,2]	93	10
subsample_0259	1	(2,6]	96	117
subsample_0259	1	(6,40]	65	295
subsample_0260	1	[0,2]	100	20
subsample_0260	1	(2,6]	83	167
subsample_0260	1	(6,40]	42	207
subsample_0261	1	[0,2]	138	15
subsample_0261	1	(2,6]	78	113
subsample_0261	1	(6,40]	55	246
subsample_0262	1	[0,2]	110	20
subsample_0262	1	(2,6]	41	154
subsample_0262	1	(6,40]	49	188
subsample_0263	1	[0,2]	134	7
subsample_0263	1	(2,6]	72	168
subsample_0263	1	(6,40]	25	412
subsample_0264	1	[0,2]	128	1
subsample_0264	1	(2,6]	73	177
subsample_0264	1	(6,40]	52	463
subsample_0265	1	[0,2]	55	11
subsample_0265	1	(2,6]	46	99
subsample_0265	1	(6,40]	63	384
subsample_0266	1	[0,2]	134	15
subsample_0266	1	(2,6]	81	143
subsample_0266	1	(6,40]	33	382
subsample_0267	1	[0,2]	64	20
subsample_0267	1	(2,6]	69	150
subsample_0267	1	(6,40]	30	351
subsample_0268	1	[0,2]	90	22
subsample_0268	1	(2,6]	56	166
subsample_0268	1	(6,40]	39	260
subsample_0269	1	[0,2]	72	7
subsample_0269	1	(2,6]	47	105
subsample_0269	1	(6,40]	42	253
subsample_0270	1	[0,2]	71	30
subsample_0270	1	(2,6]	71	160
subsample_0270	1	(6,40]	45	293
subsample_0271	1	[0,2]	107	17
subsample_0271	1	(2,6]	15	33
subsample_0271	1	(6,40]	78	284
subsample_0272	1	[0,2]	92	15
subsample_0272	1	(2,6]	50	161
subsample_0272	1	(6,40]	68	217
subsample_0273	1	[0,2]	100	8
subsample_0273	1	(2,6]	50	168
subsample_0273	1	(6,40]	46	360
subsample_0274	1	[0,2]	89	24
subsample_0274	1	(2,6]	66	141
subsample_0274	1	(6,40]	38	427
subsample_0275	1	[0,2]	96	12
subsample_0275	1	(2,6]	83	125
subsample_0275	1	(6,40]	34	176
subsample_0276	1	[0,2]	91	35
subsample_0276	1	(2,6]	38	121
subsample_0276	1	(6,40]	46	321
subsample_0277	1	[0,2]	92	22
subsample_0277	1	(2,6]	52	97
subsample_0277	1	(6,40]	50	333
subsample_0278	1	[0,2]	89	21
subsample_0278	1	(2,6]	43	121
subsample_0278	1	(6,40]	77	277
subsample_0279	1	[0,2]	105	17
subsample_0279	1	(2,6]	37	16
subsample_0279	1	(6,40]	87	468
subsample_0280	1	[0,2]	135	3
subsample_0280	1	(2,6]	54	98
subsample_0280	1	(6,40]	49	302
subsample_0281	1	[0,2]	67	16
subsample_0281	1	(2,6]	21	48
subsample_0281	1	(6,40]	111	376
subsample_0282	1	[0,2]	133	44
subsample_0282	1	(2,6]	80	289
subsample_0282	1	(6,40]	30	211
subsample_0283	1	[0,2]	118	17
subsample_0283	1	(2,6]	71	154
subsample_0283	1	(6,40]	40	273
subsample_0284	1	[0,2]	82	17
subsample_0284	1	(2,6]	49	90
subsample_0284	1	(6,40]	65	261
subsample_0285	1	[0,2]	112	8
subsample_0285	1	(2,6]	61	125
subsample_0285	1	(6,40]	27	225
subsample_0286	1	[0,2]	66	13
subsample_0286	1	(2,6]	45	117
subsample_0286	1	(6,40]	70	360
subsample_0287	1	[0,2]	113	22
subsample_0287	1	(2,6]	81	180
subsample_0287	1	(6,40]	59	296
subsample_0288	1	[0,2]	118	8
subsample_0288	1	(2,6]	24	46
subsample_0288	1	(6,40]	96	405
subsample_0289	1	[0,2]	89	28
subsample_0289	1	(2,6]	59	142
subsample_0289	1	(6,40]	48	331
subsample_0290	1	[0,2]	98	25
subsample_0290	1	(2,6]	40	121
subsample_0290	1	(6,40]	35	248
subsample_0291	1	[0,2]	128	40
subsample_0291	1	(2,6]	54	155
subsample_0291	1	(6,40]	36	402
subsample_0292	1	[0,2]	127	14
subsample_0292	1	(2,6]	85	179
subsample_0292	1	(6,40]	34	264
subsample_0293	1	[0,2]	137	24
subsample_0293	1	(2,6]	101	169
subsample_0293	1	(6,40]	57	404
subsample_0294	1	[0,2]	166	3
subsample_0294	1	(2,6]	66	159
subsample_0294	1	(6,40]	39	274
subsample_0295	1	[0,2]	101	11
subsample_0295	1	(2,6]	69	133
subsample_0295	1	(6,40]	36	372
subsample_0296	1	[0,2]	97	24
subsample_0296	1	(2,6]	83	157
subsample_0296	1	(6,40]	25	242
subsample_0297	1	[0,2]	113	1
subsample_0297	1	(2,6]	59	115
subsample_0297	1	(6,40]	34	230
subsample_0298	1	[0,2]	83	26
subsample_0298	1	(2,6]	77	158
subsample_0298	1	(6,40]	51	332
subsample_0299	1	[0,2]	95	20
subsample_0299	1	(2,6]	43	121
subsample_0299	1	(6,40]	75	373
subsample_0300	1	[0,2]	94	21
subsample_0300	1	(2,6]	83	161
subsample_0300	1	(6,40]	24	434
subsample_0301	1	[0,2]	146	12
subsample_0301	1	(2,6]	73	146
subsample_0301	1	(6,40]	48	336
subsample_0302	1	[0,2]	80	17
subsample_0302	1	(2,6]	43	40
subsample_0302	1	(6,40]	67	290
subsample_0303	1	[0,2]	101	6
subsample_0303	1	(2,6]	8	30
subsample_0303	1	(6,40]	91	337
subsample_0304	1	[0,2]	152	19
subsample_0304	1	(2,6]	52	121
subsample_0304	1	(6,40]	42	319
subsample_0305	1	[0,2]	108	3
subsample_0305	1	(2,6]	65	146
subsample_0305	1	(6,40]	66	253
subsample_0306	1	[0,2]	109	15
subsample_0306	1	(2,6]	40	191
subsample_0306	1	(6,40]	47	177
subsample_0307	1	[0,2]	108	17
subsample_0307	1	(2,6]	71	213
subsample_0307	1	(6,40]	38	255
subsample_0308	1	[0,2]	91	1
subsample_0308	1	(2,6]	66	71
subsample_0308	1	(6,40]	60	254
subsample_0309	1	[0,2]	100	28
subsample_0309	1	(2,6]	62	159
subsample_0309	1	(6,40]	46	264
subsample_0310	1	[0,2]	144	20
subsample_0310	1	(2,6]	86	380
subsample_0310	1	(6,40]	27	336
subsample_0311	1	[0,2]	108	6
subsample_0311	1	(2,6]	86	168
subsample_0311	1	(6,40]	41	286
subsample_0312	1	[0,2]	118	14
subsample_0312	1	(2,6]	72	157
subsample_0312	1	(6,40]	56	161
subsample_0313	1	[0,2]	45	12
subsample_0313	1	(2,6]	34	30
subsample_0313	1	(6,40]	79	303
subsample_0314	1	[0,2]	138	18
subsample_0314	1	(2,6]	58	183
subsample_0314	1	(6,40]	31	396
subsample_0315	1	[0,2]	59	17
subsample_0315	1	(2,6]	31	36
subsample_0315	1	(6,40]	78	346
subsample_0316	1	[0,2]	122	14
subsample_0316	1	(2,6]	98	173
subsample_0316	1	(6,40]	49	218
subsample_0317	1	[0,2]	136	4
subsample_0317	1	(2,6]	9	22
subsample_0317	1	(6,40]	52	289
subsample_0318	1	[0,2]	134	7
subsample_0318	1	(2,6]	28	35
subsample_0318	1	(6,40]	68	295
subsample_0319	1	[0,2]	102	31
subsample_0319	1	(2,6]	56	219
subsample_0319	1	(6,40]	43	274
subsample_0320	1	[0,2]	94	14
subsample_0320	1	(2,6]	52	97
subsample_0320	1	(6,40]	59	362
subsample_0321	1	[0,2]	75	0
subsample_0321	1	(2,6]	25	56
subsample_0321	1	(6,40]	66	294
subsample_0322	1	[0,2]	123	4
subsample_0322	1	(2,6]	76	188
subsample_0322	1	(6,40]	45	263
subsample_0323	1	[0,2]	131	11
subsample_0323	1	(2,6]	61	160
subsample_0323	1	(6,40]	54	256
subsample_0324	1	[0,2]	104	15
subsample_0324	1	(2,6]	55	104
subsample_0324	1	(6,40]	54	394
subsample_0325	1	[0,2]	86	13
subsample_0325	1	(2,6]	59	151
subsample_0325	1	(6,40]	63	211
subsample_0326	1	[0,2]	88	16
subsample_0326	1	(2,6]	60	164
subsample_0326	1	(6,40]	71	334
subsample_0327	1	[0,2]	112	19
subsample_0327	1	(2,6]	61	170
subsample_0327	1	(6,40]	38	233
subsample_0328	1	[0,2]	130	19
subsample_0328	1	(2,6]	89	186
subsample_0328	1	(6,40]	43	389
subsample_0329	1	[0,2]	109	19
subsample_0329	1	(2,6]	73	166
subsample_0329	1	(6,40]	34	386
subsample_0330	1	[0,2]	47	21
subsample_0330	1	(2,6]	30	23
subsample_0330	1	(6,40]	78	368
subsample_0331	1	[0,2]	68	16
subsample_0331	1	(2,6]	41	47
subsample_0331	1	(6,40]	43	335
subsample_0332	1	[0,2]	100	18
subsample_0332	1	(2,6]	37	59
subsample_0332	1	(6,40]	116	379
subsample_0333	1	[0,2]	75	26
subsample_0333	1	(2,6]	70	136
subsample_0333	1	(6,40]	54	363
subsample_0334	1	[0,2]	90	22
subsample_0334	1	(2,6]	24	66
subsample_0334	1	(6,40]	99	396
subsample_0335	1	[0,2]	90	27
subsample_0335	1	(2,6]	34	44
subsample_0335	1	(6,40]	100	382
subsample_0336	1	[0,2]	101	20
subsample_0336	1	(2,6]	20	52
subsample_0336	1	(6,40]	89	302
subsample_0337	1	[0,2]	80	9
subsample_0337	1	(2,6]	32	45
subsample_0337	1	(6,40]	110	271
subsample_0338	1	[0,2]	105	13
subsample_0338	1	(2,6]	83	121
subsample_0338	1	(6,40]	56	352
subsample_0339	1	[0,2]	127	12
subsample_0339	1	(2,6]	76	128
subsample_0339	1	(6,40]	27	308
subsample_0340	1	[0,2]	120	14
subsample_0340	1	(2,6]	83	150
subsample_0340	1	(6,40]	54	272
subsample_0341	1	[0,2]	90	31
subsample_0341	1	(2,6]	64	146
subsample_0341	1	(6,40]	60	377
subsample_0342	1	[0,2]	76	9
subsample_0342	1	(2,6]	58	122
subsample_0342	1	(6,40]	52	248
subsample_0343	1	[0,2]	136	11
subsample_0343	1	(2,6]	65	170
subsample_0343	1	(6,40]	35	358
subsample_0344	1	[0,2]	81	12
subsample_0344	1	(2,6]	30	148
subsample_0344	1	(6,40]	46	270
subsample_0345	1	[0,2]	105	22
subsample_0345	1	(2,6]	111	135
subsample_0345	1	(6,40]	27	365
subsample_0346	1	[0,2]	145	25
subsample_0346	1	(2,6]	65	335
subsample_0346	1	(6,40]	43	389
subsample_0347	1	[0,2]	124	10
subsample_0347	1	(2,6]	65	132
subsample_0347	1	(6,40]	57	294
subsample_0348	1	[0,2]	81	3
subsample_0348	1	(2,6]	23	26
subsample_0348	1	(6,40]	76	389
subsample_0349	1	[0,2]	137	11
subsample_0349	1	(2,6]	99	225
subsample_0349	1	(6,40]	42	340
subsample_0350	1	[0,2]	59	10
subsample_0350	1	(2,6]	32	29
subsample_0350	1	(6,40]	91	375
subsample_0351	1	[0,2]	96	8
subsample_0351	1	(2,6]	63	117
subsample_0351	1	(6,40]	52	326
subsample_0352	1	[0,2]	62	12
subsample_0352	1	(2,6]	49	133
subsample_0352	1	(6,40]	25	299
subsample_0353	1	[0,2]	108	21
subsample_0353	1	(2,6]	76	174
subsample_0353	1	(6,40]	38	306
subsample_0354	1	[0,2]	95	13
subsample_0354	1	(2,6]	45	205
subsample_0354	1	(6,40]	33	267
subsample_0355	1	[0,2]	131	6
subsample_0355	1	(2,6]	89	91
subsample_0355	1	(6,40]	54	192
subsample_0356	1	[0,2]	121	10
subsample_0356	1	(2,6]	77	193
subsample_0356	1	(6,40]	20	354
subsample_0357	1	[0,2]	123	23
subsample_0357	1	(2,6]	85	300
subsample_0357	1	(6,40]	24	174
subsample_0358	1	[0,2]	69	16
subsample_0358	1	(2,6]	30	55
subsample_0358	1	(6,40]	129	326
subsample_0359	1	[0,2]	86	19
subsample_0359	1	(2,6]	59	166
subsample_0359	1	(6,40]	34	156
subsample_0360	1	[0,2]	122	3
subsample_0360	1	(2,6]	45	143
subsample_0360	1	(6,40]	40	212
subsample_0361	1	[0,2]	151	29
subsample_0361	1	(2,6]	55	248
subsample_0361	1	(6,40]	29	250
subsample_0362	1	[0,2]	117	4
subsample_0362	1	(2,6]	40	24
subsample_0362	1	(6,40]	113	338
subsample_0363	1	[0,2]	92	8
subsample_0363	1	(2,6]	34	131
subsample_0363	1	(6,40]	51	303
subsample_0364	1	[0,2]	83	19
subsample_0364	1	(2,6]	70	130
subsample_0364	1	(6,40]	57	211
subsample_0365	1	[0,2]	109	19
subsample_0365	1	(2,6]	85	183
subsample_0365	1	(6,40]	26	283
subsample_0366	1	[0,2]	95	19
subsample_0366	1	(2,6]	64	174
subsample_0366	1	(6,40]	56	272
subsample_0367	1	[0,2]	127	17
subsample_0367	1	(2,6]	55	85
subsample_0367	1	(6,40]	36	293
subsample_0368	1	[0,2]	130	5
subsample_0368	1	(2,6]	23	54
subsample_0368	1	(6,40]	110	347
subsample_0369	1	[0,2]	94	22
subsample_0369	1	(2,6]	87	220
subsample_0369	1	(6,40]	71	248
subsample_0370	1	[0,2]	98	27
subsample_0370	1	(2,6]	55	200
subsample_0370	1	(6,40]	48	342
subsample_0371	1	[0,2]	96	27
subsample_0371	1	(2,6]	77	133
subsample_0371	1	(6,40]	88	256
subsample_0372	1	[0,2]	109	31
subsample_0372	1	(2,6]	96	208
subsample_0372	1	(6,40]	50	357
subsample_0373	1	[0,2]	111	11
subsample_0373	1	(2,6]	90	153
subsample_0373	1	(6,40]	52	358
subsample_0374	1	[0,2]	93	2
subsample_0374	1	(2,6]	42	114
subsample_0374	1	(6,40]	66	248
subsample_0375	1	[0,2]	57	18
subsample_0375	1	(2,6]	29	20
subsample_0375	1	(6,40]	56	344
subsample_0376	1	[0,2]	105	15
subsample_0376	1	(2,6]	55	137
subsample_0376	1	(6,40]	49	255
subsample_0377	1	[0,2]	89	6
subsample_0377	1	(2,6]	29	92
subsample_0377	1	(6,40]	49	260
subsample_0378	1	[0,2]	67	26
subsample_0378	1	(2,6]	50	144
subsample_0378	1	(6,40]	63	288
subsample_0379	1	[0,2]	120	2
subsample_0379	1	(2,6]	65	154
subsample_0379	1	(6,40]	42	380
subsample_0380	1	[0,2]	109	18
subsample_0380	1	(2,6]	53	194
subsample_0380	1	(6,40]	34	241
subsample_0381	1	[0,2]	112	6
subsample_0381	1	(2,6]	18	15
subsample_0381	1	(6,40]	57	254
subsample_0382	1	[0,2]	61	11
subsample_0382	1	(2,6]	11	30
subsample_0382	1	(6,40]	65	316
subsample_0383	1	[0,2]	97	33
subsample_0383	1	(2,6]	103	238
subsample_0383	1	(6,40]	26	173
subsample_0384	1	[0,2]	131	15
subsample_0384	1	(2,6]	69	119
subsample_0384	1	(6,40]	24	371
subsample_0385	1	[0,2]	85	14
subsample_0385	1	(2,6]	104	33
subsample_0385	1	(6,40]	64	367
subsample_0386	1	[0,2]	84	28
subsample_0386	1	(2,6]	70	193
subsample_0386	1	(6,40]	47	287
subsample_0387	1	[0,2]	105	18
subsample_0387	1	(2,6]	40	147
subsample_0387	1	(6,40]	48	240
subsample_0388	1	[0,2]	113	7
subsample_0388	1	(2,6]	64	36
subsample_0388	1	(6,40]	47	398
subsample_0389	1	[0,2]	158	8
subsample_0389	1	(2,6]	33	165
subsample_0389	1	(6,40]	48	295
subsample_0390	1	[0,2]	113	11
subsample_0390	1	(2,6]	67	135
subsample_0390	1	(6,40]	49	278
subsample_0391	1	[0,2]	91	16
subsample_0391	1	(2,6]	92	120
subsample_0391	1	(6,40]	61	297
subsample_0392	1	[0,2]	110	24
subsample_0392	1	(2,6]	51	184
subsample_0392	1	(6,40]	43	279
subsample_0393	1	[0,2]	98	17
subsample_0393	1	(2,6]	36	151
subsample_0393	1	(6,40]	40	294
subsample_0394	1	[0,2]	127	10
subsample_0394	1	(2,6]	62	140
subsample_0394	1	(6,40]	46	297
subsample_0395	1	[0,2]	131	25
subsample_0395	1	(2,6]	83	171
subsample_0395	1	(6,40]	42	322
subsample_0396	1	[0,2]	92	12
subsample_0396	1	(2,6]	55	111
subsample_0396	1	(6,40]	46	323
subsample_0397	1	[0,2]	117	9
subsample_0397	1	(2,6]	48	122
subsample_0397	1	(6,40]	53	364
subsample_0398	1	[0,2]	86	30
subsample_0398	1	(2,6]	45	110
subsample_0398	1	(6,40]	44	281
subsample_0399	1	[0,2]	101	12
subsample_0399	1	(2,6]	120	190
subsample_0399	1	(6,40]	39	310
subsample_0400	1	[0,2]	93	6
subsample_0400	1	(2,6]	56	132
subsample_0400	1	(6,40]	54	322
subsample_0401	1	[0,2]	88	12
subsample_0401	1	(2,6]	42	156
subsample_0401	1	(6,40]	35	333
subsample_0402	1	[0,2]	144	17
subsample_0402	1	(2,6]	65	212
subsample_0402	1	(6,40]	52	367
subsample_0403	1	[0,2]	199	16
subsample_0403	1	(2,6]	145	199
subsample_0403	1	(6,40]	44	509
subsample_0404	1	[0,2]	118	1
subsample_0404	1	(2,6]	56	147
subsample_0404	1	(6,40]	38	339
subsample_0405	1	[0,2]	106	10
subsample_0405	1	(2,6]	62	121
subsample_0405	1	(6,40]	39	350
subsample_0406	1	[0,2]	69	7
subsample_0406	1	(2,6]	45	147
subsample_0406	1	(6,40]	52	336
subsample_0407	1	[0,2]	60	21
subsample_0407	1	(2,6]	47	113
subsample_0407	1	(6,40]	78	362
subsample_0408	1	[0,2]	102	12
subsample_0408	1	(2,6]	53	135
subsample_0408	1	(6,40]	64	238
subsample_0409	1	[0,2]	86	15
subsample_0409	1	(2,6]	75	158
subsample_0409	1	(6,40]	74	290
subsample_0410	1	[0,2]	85	18
subsample_0410	1	(2,6]	23	35
subsample_0410	1	(6,40]	83	418
subsample_0411	1	[0,2]	72	19
subsample_0411	1	(2,6]	36	28
subsample_0411	1	(6,40]	69	425
subsample_0412	1	[0,2]	99	14
subsample_0412	1	(2,6]	54	87
subsample_0412	1	(6,40]	77	325
subsample_0413	1	[0,2]	109	6
subsample_0413	1	(2,6]	37	112
subsample_0413	1	(6,40]	55	283
subsample_0414	1	[0,2]	113	18
subsample_0414	1	(2,6]	37	145
subsample_0414	1	(6,40]	37	239
subsample_0415	1	[0,2]	91	15
subsample_0415	1	(2,6]	35	162
subsample_0415	1	(6,40]	42	379
subsample_0416	1	[0,2]	133	8
subsample_0416	1	(2,6]	93	107
subsample_0416	1	(6,40]	38	332
subsample_0417	1	[0,2]	130	6
subsample_0417	1	(2,6]	65	147
subsample_0417	1	(6,40]	32	149
subsample_0418	1	[0,2]	106	16
subsample_0418	1	(2,6]	62	133
subsample_0418	1	(6,40]	68	401
subsample_0419	1	[0,2]	88	28
subsample_0419	1	(2,6]	18	31
subsample_0419	1	(6,40]	113	378
subsample_0420	1	[0,2]	97	16
subsample_0420	1	(2,6]	41	134
subsample_0420	1	(6,40]	47	279
subsample_0421	1	[0,2]	50	8
subsample_0421	1	(2,6]	58	122
subsample_0421	1	(6,40]	73	213
subsample_0422	1	[0,2]	124	12
subsample_0422	1	(2,6]	50	159
subsample_0422	1	(6,40]	30	272
subsample_0423	1	[0,2]	138	3
subsample_0423	1	(2,6]	50	147
subsample_0423	1	(6,40]	54	459
subsample_0424	1	[0,2]	130	14
subsample_0424	1	(2,6]	66	157
subsample_0424	1	(6,40]	39	249
subsample_0425	1	[0,2]	85	4
subsample_0425	1	(2,6]	24	55
subsample_0425	1	(6,40]	93	382
subsample_0426	1	[0,2]	126	21
subsample_0426	1	(2,6]	88	160
subsample_0426	1	(6,40]	56	435
subsample_0427	1	[0,2]	91	20
subsample_0427	1	(2,6]	109	182
subsample_0427	1	(6,40]	30	212
subsample_0428	1	[0,2]	72	7
subsample_0428	1	(2,6]	75	131
subsample_0428	1	(6,40]	47	283
subsample_0429	1	[0,2]	83	17
subsample_0429	1	(2,6]	48	111
subsample_0429	1	(6,40]	43	278
subsample_0430	1	[0,2]	131	14
subsample_0430	1	(2,6]	89	192
subsample_0430	1	(6,40]	52	277
subsample_0431	1	[0,2]	84	14
subsample_0431	1	(2,6]	47	131
subsample_0431	1	(6,40]	61	235
subsample_0432	1	[0,2]	194	17
subsample_0432	1	(2,6]	109	351
subsample_0432	1	(6,40]	50	236
subsample_0433	1	[0,2]	76	11
subsample_0433	1	(2,6]	92	110
subsample_0433	1	(6,40]	52	296
subsample_0434	1	[0,2]	97	8
subsample_0434	1	(2,6]	43	123
subsample_0434	1	(6,40]	51	322
subsample_0435	1	[0,2]	87	14
subsample_0435	1	(2,6]	55	112
subsample_0435	1	(6,40]	42	342
subsample_0436	1	[0,2]	105	34
subsample_0436	1	(2,6]	59	295
subsample_0436	1	(6,40]	55	326
subsample_0437	1	[0,2]	100	4
subsample_0437	1	(2,6]	66	141
subsample_0437	1	(6,40]	46	241
subsample_0438	1	[0,2]	105	22
subsample_0438	1	(2,6]	42	161
subsample_0438	1	(6,40]	53	395
subsample_0439	1	[0,2]	88	21
subsample_0439	1	(2,6]	72	119
subsample_0439	1	(6,40]	68	280
subsample_0440	1	[0,2]	88	6
subsample_0440	1	(2,6]	41	110
subsample_0440	1	(6,40]	65	191
subsample_0441	1	[0,2]	54	12
subsample_0441	1	(2,6]	25	26
subsample_0441	1	(6,40]	54	264
subsample_0442	1	[0,2]	65	7
subsample_0442	1	(2,6]	31	12
subsample_0442	1	(6,40]	65	249
subsample_0443	1	[0,2]	105	5
subsample_0443	1	(2,6]	82	140
subsample_0443	1	(6,40]	61	208
subsample_0444	1	[0,2]	133	34
subsample_0444	1	(2,6]	95	271
subsample_0444	1	(6,40]	61	317
subsample_0445	1	[0,2]	78	6
subsample_0445	1	(2,6]	17	64
subsample_0445	1	(6,40]	72	271
subsample_0446	1	[0,2]	133	11
subsample_0446	1	(2,6]	46	164
subsample_0446	1	(6,40]	67	174
subsample_0447	1	[0,2]	104	30
subsample_0447	1	(2,6]	50	170
subsample_0447	1	(6,40]	29	460
subsample_0448	1	[0,2]	101	23
subsample_0448	1	(2,6]	99	224
subsample_0448	1	(6,40]	36	332
subsample_0449	1	[0,2]	118	19
subsample_0449	1	(2,6]	36	32
subsample_0449	1	(6,40]	58	326
subsample_0450	1	[0,2]	64	12
subsample_0450	1	(2,6]	57	125
subsample_0450	1	(6,40]	71	285
subsample_0451	1	[0,2]	89	7
subsample_0451	1	(2,6]	21	20
subsample_0451	1	(6,40]	65	294
subsample_0452	1	[0,2]	91	18
subsample_0452	1	(2,6]	34	153
subsample_0452	1	(6,40]	34	264
subsample_0453	1	[0,2]	104	10
subsample_0453	1	(2,6]	91	153
subsample_0453	1	(6,40]	59	361
subsample_0454	1	[0,2]	77	12
subsample_0454	1	(2,6]	13	24
subsample_0454	1	(6,40]	91	372
subsample_0455	1	[0,2]	118	14
subsample_0455	1	(2,6]	33	37
subsample_0455	1	(6,40]	71	356
subsample_0456	1	[0,2]	101	12
subsample_0456	1	(2,6]	51	125
subsample_0456	1	(6,40]	31	321
subsample_0457	1	[0,2]	71	5
subsample_0457	1	(2,6]	43	134
subsample_0457	1	(6,40]	57	265
subsample_0458	1	[0,2]	136	17
subsample_0458	1	(2,6]	105	183
subsample_0458	1	(6,40]	39	384
subsample_0459	1	[0,2]	125	26
subsample_0459	1	(2,6]	91	127
subsample_0459	1	(6,40]	25	437
subsample_0460	1	[0,2]	110	17
subsample_0460	1	(2,6]	98	186
subsample_0460	1	(6,40]	36	442
subsample_0461	1	[0,2]	103	18
subsample_0461	1	(2,6]	61	130
subsample_0461	1	(6,40]	43	302
subsample_0462	1	[0,2]	92	30
subsample_0462	1	(2,6]	80	179
subsample_0462	1	(6,40]	46	339
subsample_0463	1	[0,2]	87	15
subsample_0463	1	(2,6]	51	114
subsample_0463	1	(6,40]	70	290
subsample_0464	1	[0,2]	91	21
subsample_0464	1	(2,6]	59	192
subsample_0464	1	(6,40]	41	252
subsample_0465	1	[0,2]	93	10
subsample_0465	1	(2,6]	77	215
subsample_0465	1	(6,40]	60	280
subsample_0466	1	[0,2]	68	6
subsample_0466	1	(2,6]	30	27
subsample_0466	1	(6,40]	81	377
subsample_0467	1	[0,2]	59	12
subsample_0467	1	(2,6]	44	125
subsample_0467	1	(6,40]	55	257
subsample_0468	1	[0,2]	87	11
subsample_0468	1	(2,6]	78	160
subsample_0468	1	(6,40]	45	285
subsample_0469	1	[0,2]	105	6
subsample_0469	1	(2,6]	68	156
subsample_0469	1	(6,40]	31	434
subsample_0470	1	[0,2]	62	11
subsample_0470	1	(2,6]	62	127
subsample_0470	1	(6,40]	65	230
subsample_0471	1	[0,2]	88	19
subsample_0471	1	(2,6]	34	42
subsample_0471	1	(6,40]	112	460
subsample_0472	1	[0,2]	85	15
subsample_0472	1	(2,6]	62	91
subsample_0472	1	(6,40]	56	284
subsample_0473	1	[0,2]	110	20
subsample_0473	1	(2,6]	17	27
subsample_0473	1	(6,40]	109	332
subsample_0474	1	[0,2]	94	33
subsample_0474	1	(2,6]	59	154
subsample_0474	1	(6,40]	47	301
subsample_0475	1	[0,2]	111	9
subsample_0475	1	(2,6]	71	134
subsample_0475	1	(6,40]	35	193
subsample_0476	1	[0,2]	103	10
subsample_0476	1	(2,6]	28	40
subsample_0476	1	(6,40]	83	466
subsample_0477	1	[0,2]	75	24
subsample_0477	1	(2,6]	73	190
subsample_0477	1	(6,40]	43	308
subsample_0478	1	[0,2]	115	16
subsample_0478	1	(2,6]	49	129
subsample_0478	1	(6,40]	46	302
subsample_0479	1	[0,2]	84	15
subsample_0479	1	(2,6]	59	158
subsample_0479	1	(6,40]	58	505
subsample_0480	1	[0,2]	105	8
subsample_0480	1	(2,6]	47	164
subsample_0480	1	(6,40]	47	348
subsample_0481	1	[0,2]	89	38
subsample_0481	1	(2,6]	58	182
subsample_0481	1	(6,40]	30	347
subsample_0482	1	[0,2]	77	9
subsample_0482	1	(2,6]	45	177
subsample_0482	1	(6,40]	45	264
subsample_0483	1	[0,2]	160	17
subsample_0483	1	(2,6]	116	135
subsample_0483	1	(6,40]	24	234
subsample_0484	1	[0,2]	119	16
subsample_0484	1	(2,6]	77	180
subsample_0484	1	(6,40]	44	220
subsample_0485	1	[0,2]	91	26
subsample_0485	1	(2,6]	45	163
subsample_0485	1	(6,40]	68	313
subsample_0486	1	[0,2]	69	34
subsample_0486	1	(2,6]	66	140
subsample_0486	1	(6,40]	63	353
subsample_0487	1	[0,2]	110	20
subsample_0487	1	(2,6]	87	185
subsample_0487	1	(6,40]	29	289
subsample_0488	1	[0,2]	109	11
subsample_0488	1	(2,6]	66	149
subsample_0488	1	(6,40]	59	272
subsample_0489	1	[0,2]	82	28
subsample_0489	1	(2,6]	78	180
subsample_0489	1	(6,40]	45	221
subsample_0490	1	[0,2]	66	6
subsample_0490	1	(2,6]	36	116
subsample_0490	1	(6,40]	80	316
subsample_0491	1	[0,2]	134	32
subsample_0491	1	(2,6]	68	221
subsample_0491	1	(6,40]	33	319
subsample_0492	1	[0,2]	73	9
subsample_0492	1	(2,6]	56	90
subsample_0492	1	(6,40]	59	251
subsample_0493	1	[0,2]	70	22
subsample_0493	1	(2,6]	48	127
subsample_0493	1	(6,40]	43	300
subsample_0494	1	[0,2]	96	13
subsample_0494	1	(2,6]	31	158
subsample_0494	1	(6,40]	39	342
subsample_0495	1	[0,2]	125	10
subsample_0495	1	(2,6]	15	16
subsample_0495	1	(6,40]	63	451
subsample_0496	1	[0,2]	98	15
subsample_0496	1	(2,6]	25	20
subsample_0496	1	(6,40]	69	315
subsample_0497	1	[0,2]	67	19
subsample_0497	1	(2,6]	52	130
subsample_0497	1	(6,40]	78	293
subsample_0498	1	[0,2]	113	18
subsample_0498	1	(2,6]	54	138
subsample_0498	1	(6,40]	45	381
subsample_0499	1	[0,2]	134	14
subsample_0499	1	(2,6]	37	88
subsample_0499	1	(6,40]	53	313
subsample_0500	1	[0,2]	82	27
subsample_0500	1	(2,6]	68	142
subsample_0500	1	(6,40]	56	259
